ď»żmodelo,nucleos,hilos,tdp,clock_base,socket
AMD Athlonâ„˘ Gold 7220C,2.0,4.0,15W,2.4GHz,FT6
AMD Athlonâ„˘ Silver 7120C,2.0,2.0,15W,2.4GHz,FT6
AMD Ryzenâ„˘ 5 7520C,4.0,8.0,15W,2.8GHz,FT6
AMD Ryzenâ„˘ 3 7320C,4.0,8.0,15W,2.4GHz,FT6
AMD Ryzenâ„˘ Z1,6.0,12.0,,3.2GHz,
AMD Ryzenâ„˘ Z1 Extreme,8.0,16.0,,3.3GHz,
AMD Ryzenâ„˘ 9 7945HX,16.0,32.0,55W,2.5GHz,FL1
AMD Ryzenâ„˘ 9 7845HX,12.0,24.0,55W,3.0GHz,FL1
AMD Ryzenâ„˘ 7 7745HX,8.0,16.0,55W,3.6GHz,FL1
AMD Ryzenâ„˘ 5 7645HX,6.0,12.0,55W,4.0GHz,FL1
AMD Ryzenâ„˘ 9 7940HS,8.0,16.0,35-54W,4.0GHz,"FP7, FP7r2, FP8"
AMD Ryzenâ„˘ 7 7840HS,8.0,16.0,35-54W,3.8GHz,"FP7, FP7r2, FP8"
AMD Ryzenâ„˘ 5 7640HS,6.0,12.0,35-54W,4.3GHz,"FP7, FP7r2, FP8"
AMD Ryzenâ„˘ 7 7735HS,8.0,16.0,35-54W,3.2GHz,FP7
AMD Ryzenâ„˘ 5 7535HS,6.0,12.0,35-54W,3.3GHz,FP7
AMD Ryzenâ„˘ 9 PRO 7940HS,8.0,16.0,45W,4.0GHz,"FP7, FP7r2"
AMD Ryzenâ„˘ 7 PRO 7840HS,8.0,16.0,45W,3.8GHz,"FP7, FP7r2"
AMD Ryzenâ„˘ 7 PRO 7840U,8.0,16.0,28W,3.3GHz,"FP7, FP7r2"
AMD Ryzenâ„˘ 5 PRO 7540U,6.0,12.0,28W,3.2GHz,"FP7, FP7r2"
AMD Ryzenâ„˘ 7 7840U,8.0,16.0,28W,3.3GHz,"FP7, FP7r2, FP8"
AMD Ryzenâ„˘ 5 PRO 7640HS,6.0,12.0,45W,4.3GHz,"FP7, FP7r2"
AMD Ryzenâ„˘ 5 PRO 7640U,6.0,12.0,28W,3.5GHz,"FP7, FP7r2"
AMD Ryzenâ„˘ 5 7640U,6.0,12.0,28W,3.5GHz,"FP7, FP7r2, FP8"
AMD Ryzenâ„˘ 7 PRO 7730U,8.0,16.0,15W,2.0GHz,FP6
AMD Ryzenâ„˘ 5 7540U,6.0,12.0,28W,3.2GHz,"FP7, FP7r2"
AMD Ryzenâ„˘ 5 PRO 7530U,6.0,12.0,15W,2.0GHz,FP6
AMD Ryzenâ„˘ 3 7440U,4.0,8.0,28W,3.0GHz,"FP7, FP7r2"
AMD Ryzenâ„˘ 3 PRO 7330U,4.0,8.0,15W,2.3GHz,FP6
AMD Ryzenâ„˘ 7 7736Uâ€‹,8.0,16.0,,2.7GHz,FP7
AMD Ryzenâ„˘ 7 7735U,8.0,16.0,28W,2.7GHz,FP7
AMD Ryzenâ„˘ 7 7730U,8.0,16.0,15W,2.0GHz,FP6
AMD Ryzenâ„˘ 5 7535U,6.0,12.0,28W,2.9GHz,FP7
AMD Ryzenâ„˘ 3 7335U,4.0,8.0,28W,3.0GHz,FP7
AMD Ryzenâ„˘ 5 7530U,6.0,12.0,15W,2.0GHz,FP6
AMD Ryzenâ„˘ 3 7330U,4.0,8.0,15W,2.3GHz,FP6
AMD Ryzenâ„˘ 5 7520U,4.0,8.0,15W,2.8GHz,
AMD Ryzenâ„˘ 3 7320U,4.0,8.0,15W,2.4GHz,
AMD Ryzenâ„˘ 9 PRO 7945,12.0,24.0,65W,3.7GHz,AM5
AMD Ryzenâ„˘ 7 PRO 7745,8.0,16.0,65W,3.8GHz,AM5
AMD Ryzenâ„˘ 5 PRO 7645,6.0,12.0,65W,3.8GHz,AM5
AMD Ryzenâ„˘ Threadripperâ„˘ PRO 5995WX,64.0,128.0,280W,2.7GHz,sWRX8
AMD Ryzenâ„˘ Threadripperâ„˘ PRO 5975WX,32.0,64.0,280W,3.6GHz,sWRX8
AMD Ryzenâ„˘ Threadripperâ„˘ PRO 5965WX,24.0,48.0,280W,3.8GHz,sWRX8
AMD Ryzenâ„˘ Threadripperâ„˘ PRO 5955WX,16.0,32.0,280W,4.0GHz,sWRX8
AMD Ryzenâ„˘ Threadripperâ„˘ PRO 5945WX,12.0,24.0,280W,4.1GHz,sWRX8
AMD Ryzenâ„˘ 9 7950X3D,16.0,32.0,120W,4.2GHz,AM5
AMD Ryzenâ„˘ 9 7950X,16.0,32.0,170W,4.5GHz,AM5
AMD Ryzenâ„˘ 9 7900X3D,12.0,24.0,120W,4.4GHz,AM5
AMD Ryzenâ„˘ 9 7900X,12.0,24.0,170W,4.7GHz,AM5
AMD Ryzenâ„˘ 9 7900,12.0,24.0,65W,3.7GHz,AM5
AMD Ryzenâ„˘ 7 7800X3D,8.0,16.0,120W,4.2GHz,AM5
AMD Ryzenâ„˘ 9 5950X,16.0,32.0,105W,3.4GHz,AM4
AMD Ryzenâ„˘ 7 7700X,8.0,16.0,105W,4.5GHz,AM5
AMD Ryzenâ„˘ 9 5900X,12.0,24.0,105W,3.7GHz,AM4
AMD Ryzenâ„˘ 7 7700,8.0,16.0,65W,3.8GHz,AM5
AMD Ryzenâ„˘ 9 5900 (OEM Only),12.0,24.0,65W,3.0GHz,AM4
AMD Ryzenâ„˘ 7 5800X3D,8.0,16.0,105W,3.4GHz,AM4
AMD Ryzenâ„˘ 7 5800X,8.0,16.0,105W,3.8GHz,AM4
AMD Ryzenâ„˘ 5 7600X,6.0,12.0,105W,4.7GHz,AM5
AMD Ryzenâ„˘ 7 5800 (OEM Only),8.0,16.0,65W,3.4GHz,AM4
AMD Ryzenâ„˘ 7 5700X,8.0,16.0,65W,3.4GHz,AM4
AMD Ryzenâ„˘ 7 5700G,8.0,16.0,65W,3.8GHz,AM4
AMD Ryzenâ„˘ 5 7600,6.0,12.0,65W,3.8GHz,AM5
AMD Ryzenâ„˘ 5 5600X3D,6.0,12.0,105W,3.3GHz,AM4
AMD Ryzenâ„˘ 5 5600X,6.0,12.0,65W,3.7GHz,AM4
AMD Ryzenâ„˘ 9 6980HX,8.0,16.0,45W,3.3GHz,FP7
AMD Ryzenâ„˘ 5 5600G,6.0,12.0,65W,3.9GHz,AM4
AMD Ryzenâ„˘ 9 3900XT,12.0,24.0,105W,3.8GHz,
AMD Ryzenâ„˘ 9 6980HS,8.0,16.0,35W,3.3GHz,FP7
AMD Ryzenâ„˘ 9 6900HX,8.0,16.0,45W,3.3GHz,FP7
AMD Ryzenâ„˘ 5 5600,6.0,12.0,65W,3.5GHz,AM4
AMD Ryzenâ„˘ 5 5500,6.0,12.0,65W,3.6GHz,AM4
AMD Ryzenâ„˘ 7 3800XT,8.0,16.0,105W,3.9GHz,AM4
AMD Ryzenâ„˘ 9 6900HSâ€‹,8.0,16.0,35W,3.3GHz,
AMD Ryzenâ„˘ 5 4500,6.0,12.0,65W,3.6GHz,AM4
AMD Ryzenâ„˘ 7 6800H,8.0,16.0,45W,3.2GHz,FP7
AMD Ryzenâ„˘ 7 6800HS,8.0,16.0,35W,3.2GHz,FP7
AMD Ryzenâ„˘ 5 3600XT,6.0,12.0,95W,3.8GHz,AM4
AMD Ryzenâ„˘ Threadripperâ„˘ PRO 3995WX,64.0,128.0,280W,2.7GHz,sWRX8
AMD Ryzenâ„˘ 7 6800Uâ€‹,8.0,16.0,,2.7GHz,FP7
AMD Ryzenâ„˘ Threadripperâ„˘ PRO 3975WX,32.0,64.0,280W,3.5GHz,sWRX8
AMD Ryzenâ„˘ Threadripperâ„˘ PRO 3955WX,16.0,32.0,280W,3.9GHz,sWRX8
AMD Ryzenâ„˘ 5 6600H,6.0,12.0,45W,3.3GHz,FP7
AMD Ryzenâ„˘ Threadripperâ„˘ PRO 3945WX,12.0,24.0,280W,4.0GHz,
AMD Ryzenâ„˘ 5 6600HSâ€‹,6.0,12.0,35W,3.3GHz,FP7
AMD Ryzenâ„˘ Threadripperâ„˘ 3990X,64.0,128.0,280W,2.9GHz,sTRX4
AMD Ryzenâ„˘ 9 5980HX,8.0,16.0,45+W,3.3GHz,FP6
AMD Ryzenâ„˘ 9 5980HS,8.0,16.0,35W,3.0GHz,FP6
AMD Ryzenâ„˘ 5 6600U,6.0,12.0,,2.9GHz,FP7
AMD Ryzenâ„˘ 7 5825U,8.0,16.0,15W,2.0GHz,FP6
AMD Ryzenâ„˘ 9 5900HX,8.0,16.0,45+W,3.3GHz,FP6
AMD Ryzenâ„˘ Threadripperâ„˘ 3970X,32.0,64.0,280W,3.7GHz,sTRX4
AMD Ryzenâ„˘ 9 5900HS,8.0,16.0,35W,3.0GHz,FP6
AMD Ryzenâ„˘ 7 5825C,8.0,16.0,15W,2.0GHz,FP6
AMD Ryzenâ„˘ 5 5625U,6.0,12.0,15W,2.3GHz,FP6
AMD Ryzenâ„˘ Threadripperâ„˘ 3960X,24.0,48.0,280W,3.8GHz,sTRX4
AMD Ryzenâ„˘ 7 5800H,8.0,16.0,45W,3.2GHz,FP6
AMD Ryzenâ„˘ 5 5625C,6.0,12.0,15W,2.3GHz,FP6
AMD Ryzenâ„˘ 7 5800HS,8.0,16.0,35W,2.8GHz,FP6
AMD Ryzenâ„˘ 5 5600H,6.0,12.0,45W,3.3GHz,FP6
AMD Ryzenâ„˘ 9 3950X,16.0,32.0,105W,3.5GHz,AM4
AMD Ryzenâ„˘ 5 5600HS,6.0,12.0,35W,3.0GHz,FP6
AMD Ryzenâ„˘ 7 5800U,8.0,16.0,15W,1.9GHz,FP6
AMD Ryzenâ„˘ 9 3900X,12.0,24.0,105W,3.8GHz,AM4
AMD Ryzenâ„˘ 7 5700U,8.0,16.0,15W,1.8GHz,FP6
AMD Ryzenâ„˘ 5 5560U,6.0,12.0,15W,2.3GHz,FP6
AMD Ryzenâ„˘ 9 3900 Processor (OEM Only),12.0,24.0,65W,3.1GHz,AM4
AMD Ryzenâ„˘ 5 5600U,6.0,12.0,15W,2.3GHz,FP6
AMD Ryzenâ„˘ 3 5425U,4.0,8.0,15W,2.7GHz,FP6
AMD Ryzenâ„˘ 3 5425C,4.0,8.0,15W,2.7GHz,FP6
AMD Ryzenâ„˘ 5 5500U,6.0,12.0,15W,2.1GHz,FP6
AMD Ryzenâ„˘ 7 3800X,8.0,16.0,105W,3.9GHz,AM4
AMD Ryzenâ„˘ 3 5400U,4.0,8.0,15W,2.6GHz,FP6
AMD Ryzenâ„˘ 3 5300U,4.0,8.0,15W,2.6GHz,FP6
AMD Ryzenâ„˘ 7 3700X,8.0,16.0,65W,3.6GHz,AM4
AMD Ryzenâ„˘ 3 4100,4.0,8.0,65W,3.8GHz,AM4
AMD Ryzenâ„˘ 3 5125C,2.0,4.0,15W,3.0GHz,FP6
AMD Ryzenâ„˘ 7 5700GE,8.0,16.0,35W,3.2GHz,AM4
AMD Ryzenâ„˘ 5 3600X,6.0,12.0,95W,3.8GHz,AM4
AMD Ryzenâ„˘ 5 5600GE,6.0,12.0,35W,3.4GHz,AM4
AMD Ryzenâ„˘ 5 3600,6.0,12.0,65W,3.6GHz,AM4
AMD Ryzenâ„˘ 3 5300G (OEM Only),4.0,8.0,65W,4.0GHz,AM4
AMD Ryzenâ„˘ 3 5300GE (OEM Only),4.0,8.0,35W,3.6GHz,AM4
AMD Ryzenâ„˘ 7 4700G (OEM Only),8.0,16.0,65W,3.6GHz,AM4
AMD Ryzenâ„˘ 3 3300X,4.0,8.0,65W,3.8GHz,AM4
AMD Ryzenâ„˘ 3 3100,4.0,8.0,65W,3.6GHz,AM4
AMD Ryzenâ„˘ 5 4600G,6.0,12.0,65W,3.7GHz,AM4
AMD Ryzenâ„˘ 5 3500 Processor (OEM Only),6.0,6.0,65W,3.6GHz,AM4
AMD Ryzenâ„˘ 3 4300G (OEM Only),4.0,8.0,65W,3.8GHz,AM4
AMD Ryzenâ„˘ 7 4700GE (OEM Only),8.0,16.0,35W,3.1GHz,AM4
AMD Ryzenâ„˘ 5 4600GE (OEM Only),6.0,12.0,35W,3.3GHz,AM4
AMD Ryzenâ„˘ 3 4300GE (OEM Only),4.0,8.0,35W,3.5GHz,AM4
AMD Ryzenâ„˘ 9 4900H,8.0,16.0,35-54W,3.3GHz,FP6
AMD Ryzenâ„˘ 9 4900HS,8.0,16.0,35W,3.0GHz,FP6
AMD Ryzenâ„˘ 7 4800HS,8.0,16.0,45W,2.9GHz,FP6
AMD Ryzenâ„˘ 7 4800H,8.0,16.0,45W,2.9GHz,FP6
AMD Ryzenâ„˘ 5 4600H,6.0,12.0,45W,3.0GHz,FP6
AMD Ryzenâ„˘ 7 4800U,8.0,16.0,15W,1.8GHz,FP6
AMD Ryzenâ„˘ 7 4700U,8.0,8.0,15W,2.0GHz,FP6
AMD Ryzenâ„˘ 5 4600U,6.0,12.0,15W,2.1GHz,FP6
AMD Ryzenâ„˘ 5 4500U,6.0,6.0,15W,2.3GHz,FP6
AMD Ryzenâ„˘ 3 4300U,4.0,4.0,15W,2.7GHz,FP6
AMD Ryzenâ„˘ 3 3250U,2.0,4.0,15W,2.6GHz,FP5
AMD Ryzenâ„˘ 5 3400G with Radeonâ„˘ RX Vega 11 Graphics,4.0,8.0,65W,3.7GHz,AM4
AMD Ryzenâ„˘ 7 4980U Microsoft SurfaceÂ® Edition,8.0,16.0,15W,2.0GHz,FP6
AMD Ryzenâ„˘ 5 3400GE (OEM Only),4.0,8.0,35W,3.3GHz,AM4
AMD Ryzenâ„˘ 5 4680U Microsoft SurfaceÂ® Edition,6.0,12.0,15W,2.2GHz,FP6
AMD Ryzenâ„˘ 7 3780U Microsoft SurfaceÂ® Edition,4.0,8.0,15W,2.3GHz,FP5
AMD Ryzenâ„˘ 3 3200G with Radeonâ„˘ Vega 8 Graphics,4.0,4.0,65W,3.6GHz,AM4
AMD Ryzenâ„˘ 3 3200GE (OEM Only),4.0,4.0,35W,3.3GHz,AM4
AMD Athlonâ„˘ Gold 7220U,2.0,4.0,15W,2.4GHz,
AMD Athlonâ„˘ 320GE,2.0,4.0,35W,3.5GHz,AM4
AMD Athlonâ„˘ 300GE,2.0,4.0,35W,3.4GHz,AM4
AMD Ryzenâ„˘ 7 3750H,4.0,8.0,35W,2.3GHz,FP5
AMD Ryzenâ„˘ 5 3550H,4.0,8.0,35W,2.1GHz,FP5
AMD Athlonâ„˘ Silver 7120U,2.0,2.0,15W,2.4GHz,
AMD Ryzenâ„˘ 7 3700U,4.0,8.0,15W,2.3GHz,FP5
AMD Ryzenâ„˘ 3 3350U,4.0,4.0,15W,2.1GHz,FP5
AMD Ryzenâ„˘ 5 3500U,4.0,8.0,15W,2.1GHz,FP5
AMD Ryzenâ„˘ 3 3300U,4.0,4.0,15W,2.1GHz,FP5
AMD Ryzenâ„˘ 5 3580U Microsoft SurfaceÂ® Edition,4.0,8.0,15W,2.1GHz,FP5
AMD Ryzenâ„˘ 7 3700C,4.0,8.0,15W,2.3GHz,FP5
AMD Ryzenâ„˘ 5 3450U,4.0,8.0,15W,2.1GHz,FP5
AMD Ryzenâ„˘ 3 3200U,2.0,4.0,15W,2.6GHz,FP5
AMD Ryzenâ„˘ 5 3500C,4.0,8.0,15W,2.1GHz,FP5
AMD Athlonâ„˘ Gold 3150U,2.0,4.0,15W,2.4GHz,FP5
AMD Ryzenâ„˘ 3 3250C,2.0,4.0,15W,2.6GHz,FP5
AMD Athlonâ„˘ 300U,2.0,4.0,15W,2.4GHz,FP5
AMD Athlonâ„˘ Silver 3050U,2.0,2.0,15W,2.3GHz,FP5
AMD Athlonâ„˘ Silver 3050e,2.0,4.0,6W,1.4GHz,
AMD Athlonâ„˘ Gold 3150C,2.0,4.0,15W,2.4GHz,FP5
AMD Athlonâ„˘  Silver 3050C,2.0,2.0,15W,2.3GHz,FP5
AMD Athlonâ„˘ Gold 3150GE (OEM Only),4.0,4.0,35W,3.3GHz,AM4
AMD 3020e,2.0,2.0,6W,1.2GHz,
AMD Athlonâ„˘ Gold 3150G (OEM Only),4.0,4.0,65W,3.5GHz,AM4
AMD Athlonâ„˘ Silver 3050GE (OEM Only),2.0,4.0,35W,3.4GHz,AM4
AMD 3015e,2.0,4.0,6W,1.2GHz,FT5
AMD 3015Ce,2.0,4.0,6W,1.2GHz,FT5
AMD Ryzenâ„˘ Threadripperâ„˘ 2990WX,32.0,64.0,250W,3.0GHz,sTR4
AMD Ryzenâ„˘ Threadripperâ„˘ 2970WX,24.0,48.0,250W,3.0GHz,sTR4
AMD Ryzenâ„˘ Threadripperâ„˘ 2950X,16.0,32.0,180W,3.5GHz,sTR4
AMD Ryzenâ„˘ Threadripperâ„˘ 2920X,12.0,24.0,180W,3.5GHz,sTR4
AMD Ryzenâ„˘ 7 2700X,8.0,16.0,105W,3.7GHz,AM4
AMD Ryzenâ„˘ 7 2700,8.0,16.0,65W,3.2GHz,AM4
AMD Ryzenâ„˘ 7 2700E Processor,8.0,16.0,45W,2.8GHz,AM4
AMD Ryzenâ„˘ 5 2600X,6.0,12.0,95W,3.6GHz,AM4
AMD Ryzenâ„˘ 5 2600,6.0,12.0,65W,3.4GHz,AM4
AMD Ryzenâ„˘ 5 2600E,6.0,12.0,45W,3.1GHz,AM4
AMD Ryzenâ„˘ 5 2500X,4.0,8.0,65W,3.6GHz,AM4
AMD Ryzenâ„˘ 5 2400G with Radeonâ„˘ RX Vega 11 Graphics,4.0,8.0,65W,3.6GHz,AM4
AMD Ryzenâ„˘ 5 2400GE with Radeonâ„˘ RX Vega 11 Graphics,4.0,8.0,35W,3.2GHz,AM4
AMD Ryzenâ„˘ 3 2300X,4.0,4.0,65W,3.5GHz,AM4
AMD Ryzenâ„˘ 9 PRO 6950H,8.0,16.0,45W,3.3GHz,
AMD Ryzenâ„˘ 3 2200G with Radeonâ„˘ Vega 8 Graphics,4.0,4.0,65W,3.5GHz,AM4
AMD Ryzenâ„˘ 7 PRO 6860Z,8.0,16.0,28W,2.7GHz,
AMD Ryzenâ„˘ 3 2200GE with Radeonâ„˘ Vega 8 Graphics,4.0,4.0,35W,3.2GHz,AM4
AMD Ryzenâ„˘ 9 PRO 6950HS,8.0,16.0,35W,3.3GHz,
AMD Ryzenâ„˘ 7 2800H,4.0,8.0,45W,3.3GHz,FP5
AMD Ryzenâ„˘ 5 2600H,4.0,8.0,45W,3.2GHz,FP5
AMD Ryzenâ„˘ 7 2700U,4.0,8.0,15W,2.2GHz,FP5
AMD Ryzenâ„˘ 7 PRO 6850H,8.0,16.0,45W,3.2GHz,
AMD Ryzenâ„˘ 5 2500U,4.0,8.0,15W,2.0GHz,FP5
AMD Ryzenâ„˘ 7 PRO 6850HS,8.0,16.0,35W,3.2GHz,
AMD Ryzenâ„˘ 3 2300U,4.0,4.0,15W,2.0GHz,FP5
AMD Ryzenâ„˘ 7 PRO 6850U,8.0,16.0,,2.7GHz,
AMD Ryzenâ„˘ 3 2200U,2.0,4.0,15W,2.5GHz,FP5
AMD Ryzenâ„˘ 5 PRO 6650H,6.0,12.0,45W,3.3GHz,
AMD Ryzenâ„˘ Threadripperâ„˘ 1950X,16.0,32.0,180W,3.4GHz,sTR4
AMD Ryzenâ„˘ 9 PRO 5945,12.0,24.0,65W,3.0GHz,AM4
AMD Ryzenâ„˘ Threadripperâ„˘ 1920X,12.0,24.0,180W,3.5GHz,sTR4
AMD Ryzenâ„˘ 7 PRO 5845,8.0,16.0,65W,3.4GHz,AM4
AMD Ryzenâ„˘ Threadripperâ„˘ 1900X,8.0,16.0,180W,3.8GHz,sTR4
AMD Ryzenâ„˘ 7 1800X,8.0,16.0,95W,3.6GHz,AM4
AMD Ryzenâ„˘ 5 PRO 5645,6.0,12.0,65W,3.7GHz,AM4
AMD Ryzenâ„˘ 5 PRO 6650HS,6.0,12.0,35W,3.3GHz,
AMD Ryzenâ„˘ 7 PRO 5750G,8.0,16.0,65W,3.8GHz,AM4
AMD Ryzenâ„˘ 7 PRO 5750GE,8.0,16.0,35W,3.2GHz,AM4
AMD Ryzenâ„˘ 5 PRO 5650G,6.0,12.0,65W,3.9GHz,AM4
AMD Ryzenâ„˘ 5 PRO 5650GE,6.0,12.0,35W,3.4GHz,AM4
AMD Ryzenâ„˘ 5 PRO 6650U,6.0,12.0,,2.9GHz,
AMD Ryzenâ„˘ 7 1700X,8.0,16.0,95W,3.4GHz,AM4
AMD Ryzenâ„˘ 9 PRO 3900,12.0,24.0,65W,3.1GHz,AM4
AMD Ryzenâ„˘ 7 PRO 5875U,8.0,16.0,15W,2.0GHz,FP6
AMD Ryzenâ„˘ 7 PRO 3700,8.0,16.0,65W,3.6GHz,AM4
AMD Ryzenâ„˘ 5 PRO 4655G,6.0,12.0,65W,3.7GHz,AM4
AMD Ryzenâ„˘ 7 1700 Processor,8.0,16.0,65W,3.0GHz,AM4
AMD Ryzenâ„˘ 5 PRO 5675U,6.0,12.0,15W,2.3GHz,FP6
AMD Ryzenâ„˘ 7 PRO 5850U,8.0,16.0,15W,1.9GHz,FP6
AMD Ryzenâ„˘ 3 PRO 5475U,4.0,8.0,15W,2.7GHz,FP6
AMD Ryzenâ„˘ 5 PRO 5650U,6.0,12.0,15W,2.3GHz,FP6
AMD Ryzenâ„˘ 3 PRO 5450U,4.0,8.0,15W,2.6GHz,FP6
AMD Ryzenâ„˘ 3 PRO 5350G,4.0,8.0,65W,4.0GHz,AM4
AMD Ryzenâ„˘ 7 PRO 4750G,8.0,16.0,65W,3.6GHz,AM4
AMD Ryzenâ„˘ 7 PRO 4750GE,8.0,16.0,35W,3.1GHz,AM4
AMD Ryzenâ„˘ 5 PRO 3600,6.0,12.0,65W,3.6GHz,AM4
AMD Ryzenâ„˘ 5 1600X,6.0,12.0,95W,3.6GHz,AM4
AMD Ryzenâ„˘ 3 PRO 5350GE,4.0,8.0,35W,3.6GHz,AM4
AMD Ryzenâ„˘ 5 PRO 4655GE,6.0,12.0,35W,3.3GHz,AM4
AMD Ryzenâ„˘ 3 PRO 4355G,4.0,8.0,65W,3.8GHz,AM4
AMD Ryzenâ„˘ 5 PRO 4650G,6.0,12.0,65W,3.7GHz,AM4
AMD Ryzenâ„˘ 5 PRO 4650GE,6.0,12.0,35W,3.3GHz,AM4
AMD Ryzenâ„˘ 3 PRO 4355GE,4.0,8.0,35W,3.5GHz,AM4
AMD Ryzenâ„˘ 3 PRO 4350G,4.0,8.0,65W,3.8GHz,AM4
AMD Ryzenâ„˘ 3 PRO 4350GE,4.0,8.0,35W,3.5GHz,AM4
AMD Ryzenâ„˘ 5 1600,6.0,12.0,65W,3.2GHz,AM4
AMD Ryzenâ„˘ 5 1600 (AF),6.0,12.0,65W,3.2GHz,AM4
AMD Ryzenâ„˘ 5 PRO 3400G,4.0,8.0,65W,3.7GHz,AM4
AMD Ryzenâ„˘ 5 1500X,4.0,8.0,65W,3.5GHz,AM4
AMD Ryzenâ„˘ 5 PRO 3400GE,4.0,8.0,35W,3.3GHz,AM4
AMD Ryzenâ„˘ 5 PRO 3350G,4.0,8.0,65W,3.6GHz,AM4
AMD Ryzenâ„˘ 5 PRO 3350GE,4.0,4.0,35W,3.3GHz,
AMD Ryzenâ„˘ 5 1400,4.0,8.0,65W,3.2GHz,AM4
AMD Ryzenâ„˘ 3 PRO 3200G,4.0,4.0,65W,3.6GHz,AM4
AMD Ryzenâ„˘ 3 PRO 3200GE,4.0,4.0,35W,3.3GHz,AM4
AMD Ryzenâ„˘ 3 1300X,4.0,4.0,65W,3.5GHz,AM4
AMD Athlonâ„˘ Gold PRO 3150G,4.0,4.0,65W,3.5GHz,AM4
AMD Athlonâ„˘ Gold PRO 3150GE,4.0,4.0,35W,3.3GHz,AM4
AMD Athlonâ„˘ Silver PRO 3125GE,2.0,4.0,35W,3.4GHz,AM4
AMD Athlonâ„˘ PRO 300GE,2.0,4.0,35W,3.4GHz,AM4
AMD Ryzenâ„˘ 3 1200,4.0,4.0,65W,3.1GHz,AM4
AMD Ryzenâ„˘ 7 PRO 2700X,8.0,16.0,95W,3.6GHz,AM4
AMD Ryzenâ„˘ 7 PRO 2700,8.0,16.0,65W,3.2GHz,AM4
AMD Ryzenâ„˘ 7 PRO 4750U,8.0,16.0,15W,1.7GHz,FP6
AMD Ryzenâ„˘ 5 PRO 4650U,6.0,12.0,15W,2.1GHz,FP6
AMD Ryzenâ„˘ 3 PRO 4450U,4.0,8.0,15W,2.5GHz,FP6
AMD Ryzenâ„˘ 7 PRO 1700X Processor,8.0,16.0,95W,3.4GHz,AM4
AMD Ryzenâ„˘ 7 PRO 3700U,4.0,8.0,15W,2.3GHz,FP5
AMD Ryzenâ„˘ 5 PRO 3500U,4.0,8.0,15W,2.1GHz,FP5
AMD Ryzenâ„˘ 7 PRO 1700,8.0,16.0,65W,3.0GHz,AM4
AMD Ryzenâ„˘ 5 PRO 2600,6.0,12.0,65W,3.4GHz,AM4
AMD Athlonâ„˘ PRO 3145B,2.0,4.0,15W,2.4GHz,FP5
AMD Athlonâ„˘ PRO 3045B,2.0,2.0,15W,2.3GHz,FP5
AMD Ryzenâ„˘ 3 PRO 3300U,4.0,4.0,15W,2.1GHz,FP5
AMD Ryzenâ„˘ 5 PRO 1600,6.0,12.0,65W,3.2GHz,AM4
AMD Athlonâ„˘ PRO 300U Mobile Processor with Radeonâ„˘ Vega 3 Graphics,2.0,4.0,15W,2.4GHz,FP5
AMD Ryzenâ„˘ 7 PRO 2700U,4.0,8.0,15W,2.2GHz,FP5
AMD Ryzenâ„˘ 5 PRO 1500,4.0,8.0,65W,3.5GHz,AM4
AMD Ryzenâ„˘ 5 PRO 2400G with Radeonâ„˘ Vega 11 Graphics,4.0,8.0,65W,3.6GHz,AM4
AMD Ryzenâ„˘ 5 PRO 2400GE with Radeonâ„˘ Vega 11 Graphics,4.0,8.0,35W,3.2GHz,AM4
AMD Ryzenâ„˘ 3 PRO 1300,4.0,4.0,65W,3.5GHz,AM4
AMD Ryzenâ„˘ 5 PRO 2500U,4.0,8.0,15W,2.0GHz,FP5
AMD Ryzenâ„˘ 3 PRO 2200G with Radeonâ„˘ Vega 8 Graphics,4.0,4.0,65W,3.5GHz,AM4
AMD Ryzenâ„˘ 3 PRO 2200GE with Radeonâ„˘ Vega 8 Graphics,4.0,4.0,35W,3.2GHz,AM4
AMD Ryzenâ„˘ 3 PRO 1200,4.0,4.0,65W,3.1GHz,AM4
AMD Ryzenâ„˘ 3 PRO 2300U,4.0,4.0,15W,2.0GHz,FP5
7th Gen AMD PRO A4-5350B APU,2.0,,15W,3.0GHz,
7th Gen AMD PRO A4-4350B APU,2.0,,15W,2.5GHz,
7th Gen AMD PRO A6-8350B APU,2.0,,15W,3.1GHz,
7th Gen AMD PRO A6-7350B APU,2.0,,15W,3.0GHz,
7th Gen A12-9800 APU,4.0,,65W,3.8GHz,AM4
7th Gen A12-9800E APU,4.0,,35W,3.1GHz,AM4
7th Gen A10-9700 APU,4.0,,65W,3.5GHz,AM4
7th Gen A10-9700E APU,4.0,,35W,3.0GHz,AM4
7th Gen A8-9600 APU,4.0,,65W,3.1GHz,AM4
7th Gen A6-9550 APU,2.0,,65W,3.8GHz,AM4
7th Gen A6-9500 APU,2.0,,65W,3.5GHz,AM4
7th Gen A6-9500E APU,2.0,,35W,3.0GHz,AM4
7th Gen A12-9730P APU,4.0,,35W,2.8GHz,FP4
7th Gen A12-9700P APU,4.0,,15W,2.5GHz,FP4
AMD EPYCâ„˘ 9754,128.0,256.0,360W,2.25GHz,SP5
7th Gen A10-9630P APU,4.0,,35W,2.6GHz,FP4
AMD EPYCâ„˘ 9754S,128.0,128.0,360W,2.25GHz,SP5
7th Gen A10-9600P APU,4.0,,15W,2.4GHz,FP4
AMD EPYCâ„˘ 9734,112.0,224.0,340W,2.2GHz,SP5
7th Gen A9-9425 APU,2.0,,15W,3.1GHz,
7th Gen A9-9420 APU,2.0,,15W,3.0GHz,
AMD EPYCâ„˘ 9684X,96.0,192.0,400W,2.55GHz,SP5
7th Gen A9-9410 APU,2.0,,10-25/25W,2.9GHz,
AMD EPYCâ„˘ 9384X,32.0,64.0,320W,3.1GHz,SP5
AMD EPYCâ„˘ 9184X,16.0,32.0,320W,3.55GHz,SP5
7th Gen A6-9225 APU,2.0,,15W,2.6GHz,
AMD EPYCâ„˘ 9654P,96.0,192.0,360W,2.4GHz,SP5
7th Gen A6-9220 APU,2.0,,15W,2.5GHz,
7th Gen A6-9220C APU,2.0,2.0,6W,1.8GHz,FT4
AMD EPYCâ„˘ 9654,96.0,192.0,360W,2.4GHz,SP5
7th Gen A6-9210 APU,2.0,,15W,2.4GHz,
AMD EPYCâ„˘ 9634,84.0,168.0,290W,2.25GHz,SP5
7th Gen A4-9125 APU,2.0,,15W,2.3GHz,
7th Gen A4-9120 APU,2.0,,15W,2.2GHz,
7th Gen A4-9120C APU,2.0,2.0,6W,1.6GHz,FT4
7th Gen AMD PRO A12-9800 APU,4.0,,65W,3.8GHz,AM4
7th Gen AMD PRO A12-9800E APU,4.0,,35W,3.1GHz,AM4
7th Gen AMD PRO A10-9700 APU,4.0,,65W,3.5GHz,AM4
7th Gen AMD PRO A10-9700E APU,4.0,,35W,3.0GHz,AM4
7th Gen AMD PRO A8-9600 APU,4.0,,65W,3.1GHz,AM4
7th Gen AMD PRO A6-9500 APU,2.0,,65W,3.5GHz,AM4
7th Gen AMD PRO A6-9500E APU,2.0,,35W,3.0GHz,AM4
7th Gen AMD PRO A12-9830B APU,4.0,,35W,3.0GHz,FP4
7th Gen AMD PRO A12-9800B APU,4.0,,15W,2.7GHz,FP4
7th Gen AMD PRO A10-9730B APU,4.0,,35W,2.8GHz,FP4
7th Gen AMD PRO A10-9700B APU,4.0,,15W,2.5GHz,FP4
7th Gen AMD PRO A8-9630B,4.0,,35W,2.6GHz,FP4
7th Gen AMD PRO A8-9600B APU,4.0,,15W,2.4GHz,FP4
7th Gen AMD PRO A6-9500B APU,2.0,,15W,2.3GHz,FP4
7th Gen FXâ„˘ 9830P APU,4.0,,35W,3.0GHz,FP4
7th Gen FXâ„˘ 9800P APU,4.0,,15W,2.7GHz,FP4
7th Gen E2-9010 APU,2.0,,15W,200MHz,
AMD EPYCâ„˘ 9554P,64.0,128.0,360W,3.1GHz,SP5
AMD EPYCâ„˘ 9554,64.0,128.0,360W,3.1GHz,SP5
6th Gen A10-8700P APU,4.0,4.0,15W,1.8GHz,FP4
AMD EPYCâ„˘ 9534,64.0,128.0,280W,2.45GHz,SP5
AMD EPYCâ„˘ 9474F,48.0,96.0,360W,3.6GHz,SP5
6th Gen A8-8600P APU,4.0,4.0,15W,1.6GHz,FP4
6th Gen AMD PRO A12-8870 APU,4.0,,65W,3.7GHz,AM4
AMD EPYCâ„˘ 9454P,48.0,96.0,290W,2.75GHz,SP5
6th Gen AMD PRO A12-8870E APU,4.0,,35W,2.9GHz,AM4
AMD EPYCâ„˘ 9454,48.0,96.0,290W,2.75GHz,SP5
6th Gen AMD PRO A10-8850B APU,4.0,4.0,95W,3.9GHz,FM2+
AMD EPYCâ„˘ 9374F,32.0,64.0,320W,3.85GHz,SP5
6th Gen AMD PRO A10-8770 APU,4.0,,65W,3.5GHz,AM4
AMD EPYCâ„˘ 9354P,32.0,64.0,280W,3.25GHz,SP5
6th Gen AMD PRO A10-8770E APU,4.0,,35W,2.8GHz,AM4
AMD EPYCâ„˘ 9354,32.0,64.0,280W,3.25GHz,SP5
6th Gen AMD PRO A10-8750B APU,4.0,4.0,65W,3.6GHz,FM2+
AMD EPYCâ„˘ 9334,32.0,64.0,210W,2.7GHz,SP5
6th Gen AMD PRO A8-8650B APU,4.0,4.0,65W,3.2GHz,FM2+
AMD EPYCâ„˘ 9274F,24.0,48.0,320W,4.05GHz,SP5
AMD EPYCâ„˘ 9254,24.0,48.0,200W,2.9GHz,SP5
6th Gen AMD PRO A6-8570 APU,2.0,,65W,3.5GHz,AM4
AMD EPYCâ„˘ 9224,24.0,48.0,200W,2.5GHz,SP5
6th Gen AMD PRO A6-8570E APU,2.0,,35W,3.0GHz,AM4
AMD EPYCâ„˘ 9174F,16.0,32.0,320W,4.1GHz,SP5
6th Gen AMD PRO A6-8550B APU,2.0,2.0,65W,3.7GHz,FM2+
AMD EPYCâ„˘ 9124,16.0,32.0,200W,3.0GHz,SP5
6th Gen AMD PRO A4-8350B APU,2.0,2.0,65W,3.5GHz,FM2+
6th Gen AMD PRO A12-8830B APU,4.0,,,2.5GHz,FP4
6th Gen AMD PRO A12-8800B APU,4.0,4.0,15W,2.1GHz,FP4
6th Gen AMD PRO A10-8730B APU,4.0,,,2.4GHz,FP4
6th Gen AMD PRO A10-8700B APU,4.0,4.0,15W,1.8GHz,FP4
6th Gen AMD PRO A8-8600B APU,4.0,4.0,15W,1.6GHz,FP4
6th Gen AMD PRO A6-8530B APU,2.0,,,2.3GHz,FP4
6th Gen AMD PRO A6-8500B APU,2.0,4.0,15W,1.6GHz,FP4
6th Gen FX-8800P APU,4.0,4.0,15W,2.1GHz,FP4
A10-7890K with Radeonâ„˘ R7 Graphics and Wraith cooler,4.0,,95W,4.1GHz,FM2+
A10-7870K with Radeonâ„˘ R7 Series,4.0,4.0,95W,3.9GHz,FM2+
A10-7870K with Radeonâ„˘ R7 Graphics and Near Silent Thermal Solution,4.0,,95W,3.9GHz,FM2+
A10-7860K with Radeonâ„˘ R7 Series,4.0,4.0,65W,3.6GHz,FM2+
A10-7860K with Radeonâ„˘ R7 Graphics and Near Silent Thermal Solution,4.0,4.0,65W,3.6GHz,FM2+
A10-7850K with Radeonâ„˘ R7 Series,4.0,4.0,95W,3.7GHz,FM2+
A10-7800 with Radeonâ„˘ R7 Series,4.0,4.0,,3.5GHz,FM2+
A10-7700K with Radeonâ„˘ R7 Series,4.0,4.0,,3.4GHz,FM2+
A10-6800K with Radeonâ„˘ HD 8670D,4.0,4.0,100W,4.1GHz,FM2
A10-6790K with Radeonâ„˘ HD 8670D,4.0,4.0,100W,4.0GHz,FM2
A10-6700 with Radeonâ„˘ HD 8670D,4.0,4.0,65W,3.7GHz,FM2
AMD EPYCâ„˘ 7773X,64.0,128.0,280W,2.2GHz,SP3
A10-6700T with Radeonâ„˘ HD 8650D,4.0,4.0,45W,2.5GHz,FM2
AMD EPYCâ„˘ 7763,64.0,128.0,280W,2.45GHz,SP3
AMD EPYCâ„˘ 7713P,64.0,128.0,225W,2.0GHz,SP3
AMD EPYCâ„˘ 7713,64.0,128.0,225W,2.0GHz,SP3
AMD EPYCâ„˘ 7663,56.0,112.0,240W,2.0GHz,SP3
AMD EPYCâ„˘ 7643,48.0,96.0,225W,2.3GHz,SP3
AMD EPYCâ„˘ 7573X,32.0,64.0,280W,2.8GHz,SP3
AMD EPYCâ„˘ 75F3,32.0,64.0,280W,2.95GHz,SP3
AMD EPYCâ„˘ 7543P,32.0,64.0,225W,2.8GHz,SP3
AMD EPYCâ„˘ 7543,32.0,64.0,225W,2.8GHz,SP3
AMD EPYCâ„˘ 7513,32.0,64.0,200W,2.6GHz,SP3
AMD EPYCâ„˘ 7473X,24.0,48.0,240W,2.8GHz,SP3
AMD EPYCâ„˘ 7453,28.0,56.0,225W,2.75GHz,SP3
AMD EPYCâ„˘ 74F3,24.0,48.0,240W,3.2GHz,SP3
AMD EPYCâ„˘ 7443P,24.0,48.0,200W,2.85GHz,SP3
AMD EPYCâ„˘ 7443,24.0,48.0,200W,2.85GHz,SP3
AMD EPYCâ„˘ 7413,24.0,48.0,180W,2.65GHz,SP3
AMD EPYCâ„˘ 73F3,16.0,32.0,240W,3.5GHz,SP3
AMD EPYCâ„˘ 7373X,16.0,32.0,240W,3.05GHz,SP3
AMD EPYCâ„˘ 7343,16.0,32.0,190W,3.2GHz,SP3
AMD EPYCâ„˘ 7313P,16.0,32.0,155W,3.0GHz,SP3
AMD EPYCâ„˘ 7313,16.0,32.0,155W,3.0GHz,SP3
A8-7670K with Radeonâ„˘ R7 Graphics and Near Silent Thermal Solution,4.0,4.0,95W,3.6GHz,FM2+
AMD EPYCâ„˘ 72F3,8.0,16.0,180W,3.7GHz,SP3
AMD EPYCâ„˘ 7F72,24.0,48.0,240W,3.2GHz,SP3
AMD EPYCâ„˘ 7F52,16.0,32.0,240W,3.5GHz,SP3
A8-7650K with Radeonâ„˘ R7 Series,4.0,4.0,95W,3.3GHz,FM2+
AMD EPYCâ„˘ 7F32,8.0,16.0,180W,3.7GHz,SP3
AMD EPYCâ„˘ 7H12,64.0,128.0,280W,2.6GHz,SP3
A8-7650K with Radeonâ„˘ R7 Graphics and Near Silent Thermal Solution,4.0,4.0,95W,3.3GHz,FM2+
AMD EPYCâ„˘ 7742,64.0,128.0,225W,2.25GHz,SP3
AMD EPYCâ„˘ 7702,64.0,128.0,200W,2.0GHz,SP3
A8-7600 with Radeonâ„˘ R7 Series,4.0,4.0,65W,3.1GHz,FM2+
AMD EPYCâ„˘ 7702P,64.0,128.0,200W,2.0GHz,SP3
A8-6600K with Radeonâ„˘ HD 8570D,4.0,4.0,65W,3.9GHz,FM2
AMD EPYCâ„˘ 7662,64.0,128.0,225W,2.0GHz,SP3
A8-6500 with Radeonâ„˘ HD 8570D,4.0,4.0,65W,3.5GHz,FM2
AMD EPYCâ„˘ 7642,48.0,96.0,225W,2.3GHz,SP3
AMD EPYCâ„˘ 7552,48.0,96.0,200W,2.2GHz,SP3
A8-6500T with Radeonâ„˘ HD 8550D,4.0,4.0,45W,2.1GHz,FM2
AMD EPYCâ„˘ 7542,32.0,64.0,225W,2.9GHz,SP3
AMD EPYCâ„˘ 7532,32.0,64.0,200W,2.4GHz,SP3
AMD EPYCâ„˘ 7502,32.0,64.0,180W,2.5GHz,SP3
AMD EPYCâ„˘ 7502P,32.0,64.0,180W,2.5GHz,SP3
AMD EPYCâ„˘ 7452,32.0,64.0,155W,2.35GHz,SP3
AMD EPYCâ„˘ 7402,24.0,48.0,180W,2.8GHz,SP3
AMD EPYCâ„˘ 7402P,24.0,48.0,180W,2.8GHz,SP3
AMD EPYCâ„˘ 7352,24.0,48.0,155W,2.3GHz,SP3
A6-7470K with Radeonâ„˘ R5 Series,2.0,,65W,3.7GHz,FM2+
A6-7400K with Radeonâ„˘ R5 Series,2.0,2.0,65W,3.5GHz,FM2+
AMD EPYCâ„˘ 7302,16.0,32.0,155W,3.0GHz,SP3
A6-6420K with Radeonâ„˘ HD 8470D,2.0,2.0,65W,4.0GHz,FM2
AMD EPYCâ„˘ 7302P,16.0,32.0,155W,3.0GHz,SP3
A6-6310 with Radeonâ„˘ R4 Graphics,4.0,4.0,15/25W,1.8GHz,FT3b
AMD EPYCâ„˘ 7282,16.0,32.0,120W,2.8GHz,SP3
A6-6400K with Radeonâ„˘ HD 8470D,2.0,2.0,65W,3.9GHz,FM2
AMD EPYCâ„˘ 7272,12.0,24.0,120W,2.9GHz,SP3
AMD EPYCâ„˘ 7262,8.0,16.0,155W,3.2GHz,SP3
AMD EPYCâ„˘ 7252,8.0,16.0,120W,3.1GHz,SP3
A6-5200 with Radeonâ„˘ HD 8400,4.0,4.0,25W,2.0GHz,FT3
AMD EPYCâ„˘ 7232P,8.0,16.0,120W,3.1GHz,SP3
AMD EPYCâ„˘ 7601,32.0,64.0,180W,2.2GHz,SP3
AMD EPYCâ„˘ 7551P,32.0,64.0,180W,2.0GHz,SP3
AMD EPYCâ„˘ 7551,32.0,64.0,180W,2.0GHz,SP3
AMD EPYCâ„˘ 7501,32.0,64.0,155/170W,2.0GHz,SP3
A4-7300 with Radeonâ„˘ HD 8470D,2.0,2.0,65W,3.8GHz,FM2
AMD EPYCâ„˘ 7451,24.0,48.0,180W,2.3GHz,SP3
AMD EPYCâ„˘ 7401P,24.0,48.0,155/170W,2.0GHz,SP3
A4-6320 with Radeonâ„˘ HD 8370D,2.0,2.0,65W,3.8GHz,FM2
AMD EPYCâ„˘ 7401,24.0,48.0,155/170W,2.0GHz,SP3
A4-6300 with Radeonâ„˘ HD 8370D,2.0,2.0,65W,3.7GHz,FM2
AMD EPYCâ„˘ 7371,16.0,32.0,200W,3.1GHz,SP3
AMD EPYCâ„˘ 7351P,16.0,32.0,155/170W,2.4GHz,SP3
AMD EPYCâ„˘ 7351,16.0,32.0,155/170W,2.4GHz,SP3
AMD EPYCâ„˘ 7301,16.0,32.0,155/170W,2.2GHz,SP3
A4-5100 with Radeonâ„˘ HD 8330,4.0,4.0,15W,1.55GHz,FT3
AMD EPYCâ„˘ 7281,16.0,32.0,155/170W,2.1GHz,SP3
A4-5000 with Radeonâ„˘ HD 8330,4.0,4.0,15W,1.5GHz,FT3
AMD EPYCâ„˘ 7261,8.0,16.0,155/170W,2.5GHz,SP3
AMD EPYCâ„˘ 7251,8.0,16.0,120W,2.1GHz,SP3
FX-9590,8.0,8.0,220W,4.7GHz,AM3+
FX-9370,8.0,8.0,220W,4.4GHz,AM3+
FX-8370 with Wraith cooler,8.0,8.0,125W,4.0GHz,AM3+
FX-8370E,8.0,8.0,95W,3.3GHz,AM3+
A10-7400P with Radeonâ„˘ R6 Graphics,4.0,4.0,35W,2.5GHz,FP3
FX-8370,8.0,8.0,125W,4.0GHz,AM3+
FX-8350 with Wraith cooler,8.0,8.0,125W,4.0GHz,AM3+
A10-7300 with Radeonâ„˘ R6 Graphics,4.0,4.0,20W,1.9GHz,FP3
A10 Micro-6700T with Radeonâ„˘ R6 Graphics,4.0,4.0,4.5W,2.2GHz,FT3b
FX-8350,8.0,8.0,125W,4.0GHz,AM3+
FX-8320E,8.0,8.0,95W,3.2GHz,AM3+
FX-8320,8.0,8.0,125W,3.5GHz,AM3+
FX-8310,8.0,8.0,95W,3.4GHz,AM3+
FX-8300,8.0,8.0,95W,3.3GHz,AM3+
FX-8150,8.0,8.0,125W,3.6GHz,AM3+
FX-8120,8.0,8.0,125W,3.1GHz,AM3+
A8-7410 with Radeonâ„˘ R5 Graphics,4.0,4.0,15W,2.2GHz,FP4
FX-6350 with Wraith cooler,6.0,6.0,125W,3.9GHz,AM3+
A8-7200P with Radeonâ„˘ R5 Graphics,4.0,4.0,100W,2.4GHz,FP3
A8-7100 with Radeonâ„˘ R5 Graphics,4.0,4.0,20W,1.8GHz,FP3
FX-6350,6.0,6.0,125W,3.9GHz,AM3+
FX-6300,6.0,6.0,95W,3.5GHz,AM3+
A8-6410 with Radeonâ„˘ R5 Graphics,4.0,4.0,15W,2.0GHz,FT3b
FX-6200,6.0,6.0,125W,3.8GHz,AM3+
FX 6100,6.0,6.0,95W,3.3GHz,AM3+
FX-4350,4.0,4.0,125W,4.2GHz,AM3+
FX-4320,4.0,4.0,95W,4.0GHz,AM3+
FX-4300,4.0,4.0,95W,3.8GHz,AM3+
FX-4170,4.0,4.0,125W,4.2GHz,AM3+
FX-4130,4.0,4.0,125W,3.8GHz,AM3
FX-4100,4.0,4.0,95W,3.6GHz,AM3+
1075T,6.0,6.0,95W,3.5GHz,AM3
1045T,,,95W,2.7GHz,AM3
980,4.0,4.0,125W,3.7GHz,AM3
A6-8500P with Radeonâ„˘ R5 Graphics,2.0,2.0,15W,1.6GHz,FP4
A6-7310 with Radeonâ„˘ R4 Graphics,4.0,4.0,15W,2.0GHz,FT3b
975,4.0,4.0,125W,3.6GHz,AM3
965,4.0,4.0,80W,3.4GHz,AM3
A6-7000 with Radeonâ„˘ R4 Graphics,2.0,2.0,17W,2.2GHz,FT3
960T,4.0,4.0,95W,3.0GHz,AM3
850,4.0,4.0,95W,3.3GHz,AM3
840,4.0,4.0,95W,3.2GHz,AM3
A6-5350M with Radeonâ„˘ HD 8450G,2.0,2.0,35W,2.9GHz,FS1r2
570,2.0,2.0,80W,4.0GHz,AM3
A6-5200M with Radeonâ„˘ HD 8400,4.0,4.0,25W,2.0GHz,FT3
565,2.0,2.0,80W,3.4GHz,AM3
555,2.0,2.0,80W,3.2GHz,AM3
X940,4.0,4.0,45W,2.4GHz,S1
N970,4.0,4.0,35W,2.2GHz,S1
N960,4.0,4.0,35W,1.8GHz,S1
N870,3.0,3.0,35W,2.3GHz,AM2+
P860,3.0,3.0,35W,2.0GHz,AM2+
N660,2.0,2.0,35W,3.0GHz,S1
A4-7210 with Radeonâ„˘ R3 Graphics,4.0,4.0,65W,1.8GHz,FT3b
P650,2.0,2.0,35W,2.6GHz,S1
A4 Micro-6400T with Radeonâ„˘ R3 Graphics,4.0,4.0,4.5W,1.6GHz,FT3b
N640,2.0,2.0,35W,2.8GHz,S1
A4-6210 with Radeonâ„˘ R3 Graphics,4.0,4.0,15W,1.8GHz,FT3b
B99,4.0,4.0,95W,3.3GHz,AM3
B97,4.0,4.0,95W,3.2GHz,AM3
B95,,,95W,3.0GHz,AM3
B77,3.0,3.0,95W,3.2GHz,AM3
B75,3.0,3.0,95W,3.0GHz,AM3
B60,2.0,2.0,80W,3.5GHz,AM3
B59,2.0,2.0,80W,3.4GHz,AM3
B57,2.0,2.0,80W,3.2GHz,AM3
641,4.0,4.0,100W,2.8GHz,FM1 uPGA
638,4.0,4.0,65W,2.7GHz,FM1 uPGA
631,4.0,4.0,100W,2.6GHz,FM1 uPGA
620e,4.0,4.0,45W,2.7GHz,AM3
460,3.0,3.0,95W,3.4GHz,AM3
425e,3.0,3.0,45W,2.7GHz,AM3
A10-8700P with Radeonâ„˘ R6 Graphics,4.0,4.0,,1.8GHz,FP4
255e,2.0,2.0,45W,3.1GHz,AM3
7th Gen AMD Athlonâ„˘ X4 970,4.0,4.0,65W,3.8GHz,AM4
A8-8600P with Radeonâ„˘ R6 Graphics,4.0,4.0,,1.6GHz,FP4
7th Gen AMD Athlonâ„˘ X4 950,4.0,4.0,,3.5GHz,AM4
7th Gen AMD Athlonâ„˘ X4 940,4.0,4.0,,3.2GHz,AM4
880K with Near Silent Thermal Solution,4.0,,95W,4.0GHz,FM2+
870K with Near Silent Thermal Solution,4.0,4.0,95W,3.9GHz,FM2+
A10-6800B with Radeonâ„˘ HD 8670D,4.0,4.0,45W,4.1GHz,FM2
860K,4.0,4.0,95W,3.7GHz,FM2+
A10-6790B with Radeonâ„˘ HD 8670D,4.0,4.0,45W,4.0GHz,FM2
860K with Near Silent Thermal Solution,4.0,4.0,95W,3.7GHz,FM2+
845 with Near Silent Thermal Solution,4.0,4.0,,3.5GHz,FM2+
A8-6500B with Radeonâ„˘ HD 8570D,4.0,4.0,65W,3.5GHz,FM2
760K,4.0,4.0,100W,3.8GHz,FM2
750,4.0,,65W,3.4GHz,FM2
A6-6420B with Radeonâ„˘ HD 8470D,2.0,2.0,65W,4.0GHz,FM2
750K,4.0,4.0,100W,3.4GHz,FM2
740,4.0,4.0,65W,3.2GHz,FM2
A6-6400B with Radeonâ„˘ HD 8470D,2.0,2.0,65W,3.9GHz,FM2
2800+,,,45W,56MHz,939
X1150,4.0,4.0,17W,2.0GHz,FT3
6386 SE,16.0,16.0,140W,2.8GHz,G34
6380,16.0,16.0,115W,2.5GHz,G34
A10 PRO-7850B with Radeonâ„˘ R7 Graphics,4.0,4.0,95W,3.7GHz,FM2+
6378,16.0,16.0,115W,2.4GHz,G34
6376,16.0,16.0,115W,2.3GHz,G34
A10 PRO-7800B with Radeonâ„˘ R7 Graphics,4.0,4.0,65W,3.5GHz,FM2+
A8 PRO-7600B with Radeonâ„˘ R7 Graphics,4.0,4.0,65W,3.1GHz,FM2+
6370P,16.0,16.0,99W,2.0GHz,G34
A6 PRO-7400B with Radeonâ„˘ R5 Graphics,2.0,2.0,65W,3.5GHz,FM2+
6366 HE,16.0,16.0,85W,1.8GHz,G34
A4 PRO-7350B with Radeonâ„˘ R5 Graphics,2.0,2.0,65W,3.4GHz,FM2+
6348,12.0,12.0,115W,2.8GHz,G34
6344,12.0,12.0,115W,2.6GHz,G34
A4 PRO-7300B with Radeonâ„˘ HD 8470D,2.0,2.0,65W,3.8GHz,FM2
A10 PRO-7350B with Radeonâ„˘ R6 Graphics,4.0,4.0,19W,2.1GHz,FP3
6338P,12.0,12.0,99W,2.3GHz,G34
A8 PRO-7150B with Radeonâ„˘ R5 Graphics,4.0,4.0,100W,1.9GHz,FP3
6328,8.0,8.0,115W,3.2GHz,G34
6320,8.0,8.0,115W,2.8GHz,G34
A6 PRO-7050B with Radeonâ„˘ R4 Graphics,2.0,2.0,100W,2.2GHz,FP3
A4 PRO-3350B with Radeonâ„˘ R4 Graphics,4.0,4.0,15W,2.0GHz,FT3b
6308,4.0,4.0,115W,3.5GHz,G34
A4 PRO-3340B with Radeonâ„˘ HD 8240 Graphics,4.0,4.0,25W,2.2GHz,FT3
6284 SE,16.0,16.0,140W,2.7GHz,G34
6282 SE,16.0,16.0,140W,2.6GHz,G34
FX-7600P with Radeonâ„˘ R7 Graphics,4.0,4.0,35W,2.7GHz,FP3
AMD Athlonâ„˘ 3000G,2.0,4.0,35W,3.5GHz,AM4
6278,16.0,16.0,115W,2.4GHz,G34
FX-7500 with Radeonâ„˘ R7 Graphics,4.0,4.0,20W,2.1GHz,FP3
AMD Athlonâ„˘ 240GE,2.0,4.0,35W,3.5GHz,AM4
6276,16.0,16.0,115W,2.3GHz,G34
AMD Athlonâ„˘ 220GE,2.0,4.0,35W,3.4GHz,AM4
FX-8800P with Radeonâ„˘ R7 Graphics,4.0,4.0,,2.1GHz,FP4
AMD Athlonâ„˘ 200GE,2.0,4.0,35W,3.2GHz,AM4
6274,16.0,16.0,115W,2.2GHz,G34
Athlonâ„˘ 5370 APU with Radeonâ„˘ R3 Series,4.0,4.0,25W,2.2GHz,AM1
6272,16.0,16.0,115W,2.1GHz,G34
Athlonâ„˘ 5350 APU with Radeonâ„˘ R3 Series,4.0,4.0,25W,2.05GHz,AM1
AMD Athlonâ„˘ PRO 200U Mobile Processor with Radeonâ„˘ Vega 3 Graphics,2.0,4.0,15W,2.3GHz,FP5
6262 HE,16.0,16.0,85W,1.6GHz,G34
Athlonâ„˘ 5150 APU with Radeonâ„˘ R3 Series,4.0,4.0,25W,1.6GHz,AM1
AMD Athlonâ„˘ PRO 200GE,2.0,4.0,35W,3.2GHz,AM4
6238,12.0,12.0,115W,2.6GHz,G34
Sempronâ„˘ 3850 APU with Radeonâ„˘ R3 Series,4.0,4.0,25W,1.3GHz,AM1
6234,12.0,12.0,115W,2.4GHz,G34
Sempronâ„˘ 2650 APU with Radeonâ„˘ R3 Series,2.0,2.0,25W,1.45GHz,AM1
E2-7110 with Radeonâ„˘ R2 Graphics,4.0,4.0,65W,1.8GHz,FT3b
6220,8.0,8.0,115W,3.0GHz,G34
E2-6110 with Radeonâ„˘ R2 Graphics,4.0,4.0,15W,1.5GHz,FT3b
6212,8.0,8.0,115W,2.6GHz,G34
E2-3800 with Radeonâ„˘ HD 8280,4.0,4.0,15W,1.3GHz,FT3
6204,4.0,4.0,115W,3.3GHz,G34
E2-3000 with Radeonâ„˘ HD 8280,2.0,2.0,15W,1.65GHz,FT3
6180 SE,12.0,12.0,140W,2.5GHz,G34
6176,12.0,12.0,115W,2.3GHz,G34
6166 HE,12.0,12.0,85W,1.8GHz,G34
6140,8.0,8.0,115W,2.6GHz,G34
6132 HE,8.0,8.0,85W,2.2GHz,G34
4386,8.0,8.0,95W,3.1GHz,C32
4376 HE,8.0,8.0,65W,2.6GHz,C32
4365,8.0,8.0,40W,2.0GHz,C32
4340,6.0,6.0,95W,3.5GHz,C32
4334,6.0,6.0,95W,3.1GHz,C32
E1-7010 with Radeonâ„˘ R2 Graphics,2.0,2.0,10W,1.5GHz,FP4
4332 HE,6.0,6.0,65W,3.0GHz,C32
E1 Micro-6200T with Radeonâ„˘ R2 Graphics,2.0,2.0,3.95W,1.4GHz,FT3b
4310 EE,6.0,6.0,35W,2.2GHz,C32
4284,8.0,8.0,95W,3.0GHz,C32
4280,8.0,8.0,95W,2.8GHz,C32
E1-6010 with Radeonâ„˘ R2 Graphics,2.0,2.0,10W,1.35GHz,FT3b
4276 HE,8.0,8.0,65W,2.6GHz,C32
E1-2500 with Radeonâ„˘ HD 8240,2.0,2.0,15W,1.4GHz,FT3
4274 HE,8.0,8.0,65W,2.5GHz,C32
E1-2200 with Radeonâ„˘ HD 8210,2.0,2.0,9W,1.0GHz,FT3
E1-2100 with Radeonâ„˘ HD 8210,2.0,2.0,9W,1.0GHz,FT3
4256 EE,8.0,8.0,35W,1.6GHz,C32
4240,6.0,6.0,95W,3.4GHz,C32
4238,6.0,6.0,95W,3.3GHz,C32
4234,6.0,6.0,95W,3.1GHz,C32
4230 HE,6.0,6.0,65W,2.9GHz,C32
4228 HE,6.0,6.0,65W,2.8GHz,C32
4226,6.0,6.0,95W,2.7GHz,C32
3380,8.0,8.0,65W,2.6GHz,AM3+
3365,8.0,8.0,65W,2.3GHz,AM3+
3350 HE,4.0,4.0,45W,2.8GHz,AM3+
3320 EE,4.0,4.0,25W,1.9GHz,AM3+
3280,8.0,8.0,65W,2.4GHz,AM3+
3260 HE,4.0,4.0,45W,2.7GHz,AM3+
AMD Opteronâ„˘ X2170,4.0,4.0,25W,2.4GHz,FT3
3250 HE,,,45W,2.5GHz,AM3+
AMD Opteronâ„˘ X2150 APU,4.0,4.0,22W,1.9GHz,FT3
TL-64,2.0,2.0,35W,2.2GHz,S1
TL-60,2.0,2.0,31W,2.0GHz,S1
TL-56,,,31W,1.8GHz,S1
TL-52,2.0,2.0,31W,1.6GHz,S1
